<?xml version="1.0" encoding="UTF-8"?>
<project-private xmlns="http://www.netbeans.org/ns/project-private/1">
    <editor-bookmarks xmlns="http://www.netbeans.org/ns/editor-bookmarks/2" lastBookmarkId="0"/>
    <open-files xmlns="http://www.netbeans.org/ns/projectui-open-files/2">
        <group>
            <file>file:/D:/SU25/PRJ301/Practice/LoadDB/web/Views/FilterStudent.jsp</file>
            <file>file:/D:/SU25/PRJ301/Practice/LoadDB/src/java/DAL/DAO.java</file>
            <file>file:/D:/SU25/PRJ301/Practice/LoadDB/web/WEB-INF/web.xml</file>
            <file>file:/D:/SU25/PRJ301/Practice/LoadDB/src/java/Controllers/FilterStudent.java</file>
        </group>
    </open-files>
</project-private>
